paper_id,source,title,in_scope,confidence,reason
w20476,nber,Strategic News Releases in Equity Vesting Months,False,high,"The primary research question concerns CEO behavior and strategic timing of news releases, not the causal effect of a government law, regulation, or public policy on financial markets or firms."
w32043,nber,Stated Preference Estimates of the Average Social Cost of Carbon,False,high,"This paper estimates willingness-to-pay for climate policy using stated preferences rather than examining the causal effect of an actual implemented government law, regulation, or policy on financial outcomes."
w10431,nber,"The Yield Curve, Recessions and the Credibility of the Monetary Regime: Long Run Evidence 1875-1997",False,high,"This paper examines the predictive relationship between yield curve spreads and economic growth, which is a descriptive/correlational analysis of market behavior rather than an estimation of causal effects from a specific government policy intervention."
w22475,nber,International Evidence on Long Run Money Demand,False,high,This is a purely theoretical/empirical macroeconomic study of money demand relationships with no primary research question about the causal effect of a specific government policy on financial markets or firms.
w16883,nber,Monetary Policy as Financial-Stability Regulation,False,high,This is a purely theoretical paper developing a model without empirical testing of a specific government policy's causal effect on financial markets or firms.
10.1016/j.jfineco.2015.09.012,jfe,Can information be locked up? Informed trading ahead of macro-news announcements,False,high,The paper studies informed trading behavior ahead of policy announcements rather than estimating the causal effect of a specific government policy on financial markets.
w17963,nber,"Trade, Variety, and Immigration",False,high,"This paper studies international trade and immigration flows rather than the causal effect of a specific government law or regulation on financial markets, firms, or investors."
w11977,nber,The Health Care Safety Net and Crowd-Out of Private Health Insurance,False,high,"The paper studies health insurance coverage decisions, not the causal effect of government policy on financial markets, firms, or investors."
w20181,nber,Dominated Choices and Medicare Advantage Enrollment,False,high,"The paper studies behavioral decision-making by Medicare beneficiaries rather than estimating the causal effect of a specific government policy on financial markets, firms, or investors."
w30793,nber,Risk Management and the Autonomy of Labor,False,high,"This paper studies worker behavior and risk management in labor markets without a primary focus on estimating the causal effect of a specific government law, regulation, or public policy."
10.1111/j.1540-6261.1993.tb05127.x,jf,Measuring and Testing the Impact of News on Volatility,False,high,This paper studies how news impacts stock market volatility using ARCH models with no government policy intervention as the primary research question.
10.1016/j.jfineco.2021.06.042,jfe,Venture capital contracts,False,high,"This paper studies the causal effects of private venture capital contract terms on startup outcomes, not the causal effect of a specific government law, regulation, or public policy."
w6331,nber,The Careers of Modern Artists: Evidence from Auctions of Contemporary Paintings,False,high,"This paper studies the relationship between artist age and painting value in art auctions, with no government intervention or policy as the primary research question."
w30151,nber,Tax Knowledge and Tax Manipulation: A Unifying Model,False,high,"This is primarily a theoretical paper analyzing taxation and taxpayer education with incomplete information, lacking empirical estimation of a specific government policy's causal effect on financial markets, firms, or investors."
w9494,nber,Micro-Simulation of Social Security Reforms in Belgium,False,high,"Paper studies Social Security (pension policy) reforms' budgetary impact, not causal effects on financial markets, firms, or investors."
w21715,nber,How Strong are Ethnic Preferences?,False,high,"This paper studies ethnic preferences through lab experiments without examining causal effects of any specific government law, regulation, or public policy on financial markets, firms, or investors."
10.1111/jofi.12088,jf,International Asset Pricing with Recursive Preferences,False,high,"This is a purely theoretical paper using general equilibrium modeling with no empirical test of any specific government law, regulation, or public policy's causal effect."
w16946,nber,U.S. Intervention During the Bretton Woods Era: 1962-1973,False,high,Paper describes the Bretton Woods system and U.S. dollar liabilities without establishing a primary research question about the causal effect of a specific government policy intervention on financial markets or firms.
w25559,nber,The Endowment Model and Modern Portfolio Theory,False,high,This is a theoretical portfolio-choice model paper with no empirical test of a specific government policy's causal effect on financial markets or firms.
w20314,nber,The Twin Ds: Optimal Default and Devaluation,False,high,"This is a theoretical model paper studying sovereign default and devaluation policy decisions rather than empirically testing the causal effect of a specific government law, regulation, or public policy on financial markets or firms."
w18020,nber,Why Do Firms Own Production Chains?,False,high,"This paper investigates firm behavior regarding vertical integration in production chains, with no primary research question about causal effects of government policy on markets or firms."
w28492,nber,Preparing for a Pandemic: Accelerating Vaccine Availability,False,high,"Paper analyzes government procurement decisions and vaccine distribution strategy without examining the causal effect of a specific policy on financial markets, firms, or investors."
w17347,nber,Trade Wars and Trade Talks with Data,False,high,"This is a theoretical modeling paper addressing optimal tariff questions rather than estimating the causal effect of a specific implemented government policy on financial markets, firms, or investors."
10.1093/rfs/hhae060,rfs,The Imitation Game: The Imitation Game: How Encouraging Renegotiation Makes Good Borrowers Bad,True,high,The paper's primary research question examines the causal effect of a tax rule change (a specific government policy) on borrower behavior in commercial mortgage markets.
w5238,nber,The Demand for Illicit Drugs,False,high,"The paper studies drug demand and consumption behavior, not the causal effects of government policy on financial markets, firms, or investors."
w12529,nber,High School Alcohol Use and Young Adult Labor Market Outcomes,False,high,"This paper studies the personal behavioral effects of alcohol use on individual labor outcomes, not the causal effect of a government law, regulation, or public policy on financial markets, firms, or investors."
10.1093/rfs/hhl028,rfs,Analyst Behavior Following IPOs: The “Bubble Period” Evidence,False,high,"The paper examines analyst behavior and coverage patterns following IPOs, with the quiet period as background context, but does not estimate the causal effect of a specific government law or regulation on financial markets or firms."
w18656,nber,Youth Depression and Future Criminal Behavior,False,high,"This paper studies the relationship between mental health and criminal behavior, not the causal effect of government policy on financial markets, firms, or investors."
w17291,nber,A Gains from Trade Perspective on Macroeconomic Fluctuations,False,high,This is a purely theoretical macroeconomic paper with no empirical test of any government policy's causal effect on financial markets or firms.
w6178,nber,Retirement Wealth Accumulation and Decumulation: New Developments and Outstanding Opportunities,False,high,The paper describes retirement savings behavior and policy context but does not focus on estimating the causal effect of a specific government policy intervention.
w25908,nber,Business Groups and the Incorporation of Firm-specific Shocks into Stock Prices,False,high,"This paper studies the relationship between business group affiliation and stock price behavior, which is primarily about private firm/market structure rather than the causal effect of a specific government policy or regulation."
w17263,nber,The Balanced U.S. Press,False,high,"This paper studies media ideology measurement using ballot propositions, not the causal effect of a government policy on financial markets, firms, or investors."
10.1016/s0304-405x(99)00024-0,jfe,The adaptive mesh model: a new approach to efficient option pricing,False,high,This is a purely theoretical paper on numerical methods for option pricing with no empirical test of any government policy or regulation.
w22856,nber,A Shadow Rate New Keynesian Model,False,high,"This is a theoretical macroeconomic model paper that does not empirically test the causal effect of a specific government policy on financial markets, firms, or investors."
w25129,nber,Navigating Complex Financial Decisions at Retirement: Evidence from Annuity Choices in Public Sector Pensions,False,high,The paper studies individual retirement decision-making behavior within an existing pension plan rather than examining the causal effect of a specific government policy or regulation on financial outcomes.
w29463,nber,A Simple Model of Social Distancing and Vaccination,False,high,"This is a purely theoretical epidemiological model with no empirical test of a specific government policy's causal effect on financial markets, firms, or investors."
w29665,nber,Occupational Licensing and the Healthcare Labor Market,False,high,"The paper studies labor market effects of occupational licensing policy rather than causal effects on financial markets, firms' financial outcomes, or investor behavior."
w5216,nber,Disease Complementarities and the Evaluation of Public Health Interventions,False,high,"This paper studies public health interventions and mortality prevention, not the causal effect of government policy on financial markets, firms, or investors."
w8080,nber,Education and Religion,False,high,"This paper studies the relationship between education and religious attendance/belief with no focus on government intervention, policy effects, or financial markets."
w28199,nber,Is Air Pollution Regulation Too Lenient? Evidence from US Offset Markets,False,high,"The paper's primary focus is assessing marginal costs and benefits of air pollution regulations rather than estimating the causal effect of a specific policy on financial markets, firms, or investors."
w14410,nber,"Railroads and the Rise of the Factory: Evidence for the United States, 1850-70",False,high,"The paper studies the causal effect of railroad infrastructure development on manufacturing organization, not the effect of a specific government law, regulation, or public policy on financial markets, firms, or investors."
w8637,nber,The Factor Content of Trade,False,high,"This is a theoretical paper on international trade economics with no empirical test of a specific government policy's causal effect on financial markets, firms, or investors."
w15709,nber,Limited Capital Market Participation and Human Capital Risk,False,high,This is a purely theoretical paper about asset pricing and portfolio theory with no empirical test of a specific government policy's causal effect.
w27903,nber,Emerging Markets Sovereign CDS Spreads During COVID-19: Economics versus Epidemiology News,False,high,This paper studies the relationship between COVID-19 news and CDS spreads rather than estimating the causal effect of a specific government policy or regulation on financial markets.
w28918,nber,Culture and the Family,False,high,"This handbook chapter examines cultural and family institutions without testing the causal effect of any specific government law, regulation, or public policy on financial markets, firms, or investors."
w27851,nber,Crisis Innovation,False,high,"The paper studies the causal effect of financial crises (exogenous shocks) on innovation, not the causal effect of a specific government law, regulation, or public policy."
w28648,nber,Mammograms and Mortality: How Has the Evidence Evolved?,False,high,"This paper concerns medical screening and cancer treatment outcomes, not the causal effect of government policy on financial markets, firms, or investors."
10.1016/j.jfineco.2006.11.002,jfe,Affirmative obligations and market making with inventory,False,high,"The primary policy variable is the NYSE's Price Continuity rule, which is an exchange rule imposed by a stock exchange without a specific government or regulatory mandate, falling under the exclusion criteria."
w31570,nber,The Search for Good Jobs: Evidence from a Six-year Field Experiment in Uganda,False,high,"The paper studies job search behavior and youth employment outcomes in Uganda, not the causal effect of a specific government law, regulation, or public policy on financial markets, firms, or investors."
w30504,nber,Zoning for Profits: How Public Finance Shapes Land Supply in China,False,high,"The paper studies government land supply decisions and their effect on real estate prices, not the causal effect of a specific law, regulation, or public policy on financial markets, firms, or investors."
w17526,nber,"Agricultural Policy, Migration, and Malaria in the 1930s United States",False,high,"The paper's primary research question concerns the causal effect of the Agricultural Adjustment Act on malaria incidence, not on financial markets, firms, or investors."
w24741,nber,Evolution of Modern Business Cycle Models: Accounting for the Great Recession,False,high,This is a purely theoretical paper reviewing the evolution of business cycle models without empirical testing of a specific government policy's causal effect.
t0187,nber,Selection Bias Adjustment in Treatment-Effect Models as a Method of Aggregation,False,high,"This is a purely theoretical econometric paper about treatment-effect models and selection bias methodology without any empirical application to a specific government policy's causal effects on financial markets, firms, or investors."
w4111,nber,Empirical Evidence for Collusion in the U.S. Auto Market?,True,high,The paper empirically tests the causal effect of a specific government policy (voluntary restraint arrangements with Japan) on firm pricing behavior and market outcomes in the auto industry.
w16615,nber,Urban Accounting and Welfare,False,high,"This is a theoretical paper on urban economics and city size distribution with no empirical test of a specific government policy's causal effect on financial markets, firms, or investors."
w10606,nber,Measuring the Growth from Better and Better Goods,False,high,"This paper is a measurement study of inflation and product quality using CPI data, with no causal analysis of a specific government policy's effects on financial markets or firms."
w17016,nber,"Socioeconomic Status in Childhood and Health After Age 70: A New Longitudinal Analysis for the U.S., 1895-2005",False,high,"This paper studies the relationship between childhood socioeconomic status and later health outcomes, with no primary research question about causal effects of government policy on financial markets, firms, or investors."
w26926,nber,The Economic Impact of a High National Minimum Wage: Evidence from the 1966 Fair Labor Standards Act,False,high,"The paper studies the economic impact of minimum wage policy on labor markets and workers, not on financial markets, firms' financial outcomes, or investor behavior."
w24094,nber,Food Deserts and the Causes of Nutritional Inequality,False,high,"This paper studies nutritional inequality and food access through supermarket entry and household behavior, not the causal effect of a specific government law, regulation, or public policy on financial markets, firms, or investors."
w19992,nber,"Trade, Skills, and Quality Upgrading: A Theory with Evidence from Colombia",False,high,"This is a trade theory paper with firm-level evidence on quality upgrading, not a causal study of a specific government law, regulation, or public policy intervention."
10.1093/rfs/hhg041,rfs,Equilibrium Investment Strategies and Output Price Behavior: A Real-Options Approach,False,high,This is a purely theoretical paper studying competitive dynamics and investment behavior with no empirical test of any government policy or regulation.
10.1111/jofi.13249,jf,Is There a Replication Crisis in Finance?,False,high,"This paper studies replication of asset pricing factors and statistical methodology in finance research, not the causal effect of a specific government policy on financial markets."
w20019,nber,How Consumers Respond to Environmental Certification and the Value of Energy Information,False,high,"The paper studies consumer response to a voluntary labeling program in the appliance market, not the causal effect of government policy on financial markets, firms, or investors."
w15985,nber,"The Contribution of Trade to Wage Inequality: The Role of Skill, Gender, and Nationality",False,high,"This paper studies the causal effect of international trade on wages, not the causal effect of a specific government law, regulation, or public policy on financial markets, firms, or investors."
w11594,nber,Wealth Transfers from Implementing Real-Time Retail Electricity Pricing,False,high,"The paper studies electricity pricing policy effects on consumer wealth distribution rather than financial markets, firms, or investors as primary subjects."
w11614,nber,"Trade Liberalization, Poverty, and Inequality: Evidence from Indian Districts",False,high,"The paper's primary focus is on poverty and inequality outcomes rather than effects on financial markets, firms, or investors."
w10433,nber,Schumpeterian Profits in the American Economy: Theory and Measurement,False,high,"This is a theoretical paper examining Schumpeterian profits and innovation returns without testing the causal effect of any specific government law, regulation, or public policy."
10.1016/j.jfineco.2023.103712,jfe,Disaster resilience and asset prices,False,high,"The paper studies how asset markets price disaster risk exposure during COVID-19, not the causal effect of a specific government policy intervention on financial markets."
w4304,nber,The Use of Monetary Aggregate to Target Nominal GDP,False,high,This is a theoretical paper proposing a monetary policy framework rather than empirically testing the causal effect of an actual government policy or regulation on financial outcomes.
10.1093/rfs/hhn077,rfs,Government Control of Privatized Firms,False,high,"This paper describes and analyzes the ownership structures of privatized firms and their relationship to legal/political systems, but does not estimate the causal effect of a specific government policy on financial markets, firms, or investor outcomes."
w11969,nber,From Forced Busing to Free Choice in Public Schools: Quasi-Experimental Evidence of Individual and General Effects,False,high,"The paper studies the causal effect of a public school policy on educational outcomes, not on financial markets, firms, or investors."
w27033,nber,"Beyond Reading, Writing, and Arithmetic: The Role of Teachers and Schools in Reporting Child Maltreatment",False,high,"This paper studies child maltreatment detection by educators rather than the causal effect of government policy on financial markets, firms, or investors."
w27731,nber,The Stable Transformation Path,False,high,This is a purely theoretical paper developing a macroeconomic modeling concept (Stable Transformation Path) with no empirical test of any specific government policy's causal effect.
w30888,nber,Measuring Returns to Experience Using Supervisor Ratings of Observed Performance: The Case of Classroom Teachers,False,high,"This paper studies returns to experience in teaching using supervisor ratings, which is a labor economics/education topic with no government policy intervention as the primary research question."
w10978,nber,Theft and Taxes,False,high,"The paper's primary focus is the relationship between taxation systems and insider behavior/governance outcomes, not the causal effect of a specific government law or policy on financial markets, firms, or investors."
w11606,nber,Euler Equation Errors,False,high,"This is a purely theoretical paper testing asset pricing models without examining the causal effect of any specific government policy, law, or regulation."
10.1016/j.jfineco.2013.02.019,jfe,The relation between equity incentives and misreporting: The role of risk-taking incentives,False,high,"This paper studies the relationship between manager equity incentives and misreporting behavior, which is private firm behavior, without a specific government law, regulation, or public policy as the primary research question."
10.1111/j.1540-6261.2007.01205.x,jf,Learning by Observing: Information Spillovers in the Execution and Valuation of Commercial Bank M&amp;As,False,high,"The paper's primary research question concerns how banks and investors learn from observing previous M&As, not the causal effect of a specific government law, regulation, or public policy on financial outcomes."
w29316,nber,Refining Set-Identification in VARs through Independence,False,high,This is a purely methodological paper about VAR identification techniques with no empirical application to government policy effects on financial markets.
10.1016/j.jfineco.2016.05.009,jfe,The volatility of a firm's assets and the leverage effect,False,high,"This paper studies the relationship between financial leverage and volatility in firms, which is a private firm financial behavior question with no government intervention, regulation, or public policy as the primary focus."
w8290,nber,Sticky Information Versus Sticky Prices: A Proposal to Replace the New Keynesian Phillips Curve,False,high,This is a purely theoretical paper proposing a macroeconomic model without empirical testing of any specific government policy's causal effect.
w6907,nber,Self-Protection for Emerging Market Economies,False,high,This appears to be a theoretical or descriptive paper about economic crises in emerging markets rather than empirical research estimating the causal effect of a specific government policy on financial outcomes.
w13322,nber,Close to You? Bias and Precision in Patent-Based Measures of Technological Proximity,False,high,This paper is methodological research on patent-based measurement techniques without a primary focus on estimating causal effects of government policy on financial markets or firms.
10.1111/jofi.13233,jf,Modeling Corporate Bond Returns,False,high,This paper proposes a factor model for corporate bond returns without testing the causal effect of any specific government policy or regulation.
w4607,nber,Transfer Behavior: Measurement and the Redistribution of Resources within the Family,False,high,"This paper studies intergenerational transfers and family resource allocation behavior, not the causal effect of government policy on financial markets, firms, or investors."
10.2307/2328911,jf,A General Equilibrium Model of International Portfolio Choice,False,high,"This is a purely theoretical paper developing a general equilibrium model without empirical testing of any specific government law, regulation, or policy's causal effect."
w6873,nber,Explaining Rising Income and wage Inequality Among the College Educated,False,high,"This paper studies income and wage inequality trends among college-educated workers without examining causal effects of specific government policies on financial markets, firms, or investors."
10.1111/j.1540-6261.2004.00672.x,jf,Information and the Cost of Capital,False,high,"This is a theoretical paper examining how information composition affects cost of capital through market mechanisms, with no empirical test of a specific government policy's causal effect."
w7462,nber,What Causes Fluctuations in the Terms of Trade?,False,high,"This paper investigates sources of terms of trade volatility without focusing on the causal effect of a specific government law, regulation, or public policy."
w23088,nber,How Do Patents Affect Research Investments?,False,high,"The paper studies patents (a government policy) but its primary research question is about the effect on research investments and private/social returns alignment, not on financial markets, firms' financial decisions, or investor behavior."
w32484,nber,Why Doesn’t the United States Have National Health Insurance? The Political Role of the American Medical Association,False,high,"This paper studies political opposition to a proposed policy (National Health Insurance) rather than the causal effect of an implemented government law, regulation, or policy on financial outcomes."
10.1016/j.jfineco.2019.03.012,jfe,Crowdsourced employer reviews and stock returns,False,high,"The paper studies the effect of crowdsourced employer reviews on stock returns, which is purely private market behavior with no government law, regulation, or public policy as the primary research question."
w23202,nber,Firm Entry and Exit and Aggregate Growth,False,high,The paper studies the relationship between firm entry/exit and aggregate productivity growth without examining a specific government policy's causal effect on financial markets or firms.
w30474,nber,Fertility and the Education of African Parents and Children,False,high,"This paper studies the relationship between fertility and education in African populations, not the causal effect of a specific government law, regulation, or public policy on financial markets, firms, or investors."
w26235,nber,Local Effects of Land Grant Colleges on Agricultural Innovation and Output,False,high,"The paper studies the causal effect of land grant colleges on agricultural innovation and output, not on financial markets, firms, or investors."
w33160,nber,A Simple Model of Average Inflation Targeting,False,high,This is a purely theoretical paper deriving optimal monetary policy rules in a model without empirical testing of actual policy effects.
10.2307/2329426,jf,Lattice Models for Pricing American Interest Rate Claims,False,high,This is a purely theoretical paper on quantitative pricing models with no empirical test of any government policy's causal effect.
w3275,nber,Increasing Returns and Economic Geography,False,high,This is a purely theoretical paper developing a general equilibrium model of location choice with no empirical test of a specific government policy's causal effect.
10.1093/rfs/hhy057,rfs,Revealing Downturns,False,high,"This is a purely theoretical paper about investor behavior and asset pricing under uncertainty with no empirical test of any government law, regulation, or public policy."
w18075,nber,The Effect of Housing Wealth on College Choice: Evidence from the Housing Boom,False,high,"The paper studies the effect of housing wealth (a private economic condition) on college choice behavior, not the causal effect of a specific government law, regulation, or public policy."
w20044,nber,Private Information and Sunspots in Sequential Asset Markets,False,high,This is a purely theoretical paper studying market microstructure and information asymmetries with no empirical test of a specific government policy or regulation.
w19346,nber,Migration into the Welfare State: Tax and Migration Competition,False,high,"The paper focuses on migration patterns and welfare policy effects on immigrant composition rather than causal effects of government policy on financial markets, firms, or investors."
10.1093/rfs/hhn094,rfs,Model Comparison Using the Hansen-Jagannathan Distance,False,high,This is a purely theoretical/methodological paper developing statistical techniques for comparing asset-pricing models with no empirical test of any government policy's causal effect.
10.1111/jofi.12184,jf,Financial Protectionism? First Evidence,True,high,"The paper's primary research question examines the causal effect of bank nationalization (a specific government intervention) on cross-border lending behavior and loan pricing, using empirical bank-level panel data."
w4915,nber,Cadillac Contracts and Up-Front Payments: Efficient Investment Under Expectation Damages,False,high,This is a purely theoretical paper analyzing contract law and damages remedies without empirical testing of any specific government policy's causal effect on financial outcomes.
w25832,nber,"Family and Government Insurance: Wage, Earnings, and Income Risks in the Netherlands and the U.S.",False,high,This paper documents descriptive facts about wage and earnings risks across countries rather than estimating the causal effect of a specific government policy intervention.
w32926,nber,The Realities Of Disclosure Risks In The Age Of Dark Patterns And Big Data,False,high,"This paper examines disclosure risks and dark patterns in data collection without focusing on the causal effect of a specific government law, regulation, or public policy on financial markets, firms, or investors."
w19738,nber,Risk and Return in Village Economies,False,high,"This paper studies risk and return on capital assets in village economies without examining a specific government law, regulation, or policy intervention."
w6681,nber,Effects of Pensions on Saving: Analysis with Data from the Health and Retirement Study,False,high,The paper studies the relationship between pensions and saving behavior without focusing on the causal effect of a specific government policy or regulation.
10.1016/j.jfineco.2007.11.009,jfe,"Accruals, cash flows, and aggregate stock returns☆",False,high,This paper examines the relationship between accruals/cash flows and stock returns with no government policy variable or government intervention as the primary research question.
w24646,nber,Global Portfolio Diversification for Long-Horizon Investors,False,high,Paper focuses on portfolio diversification theory and investor behavior with no government policy intervention as the primary research question.
w18740,nber,Payment for Environmental Services: Hypotheses and Evidence,False,high,"This paper concerns environmental economics and payment schemes for ecosystem services, not the causal effect of government laws/regulations on financial markets, firms, or investors."
w6139,nber,Why Did the SSI-Disabled Program Grow So Much? Disentangling the Effect of Medicaid,False,high,"This paper studies the effect of a social security/welfare program (SSI-Medicaid) on program participation decisions, not the causal effect of government policy on financial markets, firms, or investors."
10.1111/j.1540-6261.1995.tb05184.x,jf,What Do We Know about Capital Structure? Some Evidence from International Data,False,high,This paper examines determinants of capital structure choices across countries without focusing on estimating causal effects of specific government policies or regulations.
w12080,nber,Insurance and Incentives for Medical Innovation,False,high,"The paper studies pharmaceutical innovation incentives in the context of health insurance rather than estimating the causal effect of a specific government law, regulation, or public policy on financial markets, firms, or investors."
w11346,nber,What Remains from the Volcker Experiment?,False,high,This is a theoretical paper discussing conceptual frameworks for policymaking innovation rather than empirically estimating the causal effect of a specific government policy on financial outcomes.
w15377,nber,Clusters of Entrepreneurship,False,high,"The paper examines the relationship between establishment size and employment growth without studying the causal effect of a specific government law, regulation, or public policy."
w13887,nber,Imperfect Substitution between Immigrants and Natives: A Reappraisal,False,high,"This paper studies labor market dynamics and wage effects related to immigration composition rather than the causal effect of a specific government law, regulation, or public policy on financial markets, firms, or investors."
w6064,nber,Excess Capital Flows and the Burden of Inflation in Open Economies,False,high,The paper's primary focus is on the interaction between inflation and nominal tax systems in open economies rather than the causal effect of a specific government law or regulation on financial markets.
w21447,nber,Measuring the Measurement Error: A Method to Qualitatively Validate Survey Data,False,high,"This paper focuses on methodological validation of survey data and measurement error in field experiments, not on estimating the causal effect of a specific government policy on financial markets or firms."
w4248,nber,Stoking the Fires? Co2 Emissions and Economic Growth,False,high,This paper appears to study the relationship between CO2 emissions and economic growth without a specific government policy intervention as its primary research question.
w18687,nber,The New Science of Pleasure,False,high,"This is a theoretical paper about consumer behavior and economic philosophy with no empirical test of a specific government policy's causal effect on financial markets, firms, or investors."
w10356,nber,How Well Can the New Open Economy Macroeconomics Explain the Exchange Rate and Current Account?,False,high,"This is a theoretical macroeconomic modeling paper testing how well NOEM theory explains exchange rates and current accounts, with no primary research question about the causal effect of a specific government law, regulation, or public policy."
w8266,nber,Measuring Masters and Masterpieces: French Rankings of French Painters and Paintings from Realism to Surrealism,False,high,"This paper studies art history and cultural rankings of painters and paintings, with no connection to government intervention, financial markets, firms, or investors."
w27379,nber,Enabling Entrepreneurial Choice,False,high,This is a theoretical paper on entrepreneurial decision-making under uncertainty with no empirical test of a specific government policy's causal effect on financial markets or firms.
w20080,nber,The Role of Proximity in Foreclosure Externalities: Evidence from Condominiums,False,high,"The paper studies the effect of foreclosures (a market outcome) on property prices rather than the causal effect of a specific government law, regulation, or policy."
w24576,nber,Working Longer in the U.S.: Trends and Explanations,False,high,"This paper studies trends in labor force participation for older workers without a primary focus on estimating the causal effect of a specific government law, regulation, or public policy on financial markets, firms, or investors."
w17819,nber,Measuring the Upstreamness of Production and Trade Flows,False,high,"This paper is purely theoretical/methodological, proposing measurement approaches for production upstreamness with no empirical test of any government policy's causal effect."
w11395,nber,Price and the Health Plan Choices of Retirees,False,high,"This paper studies retiree health plan choices in an employer-sponsored program, which is primarily about individual decision-making behavior rather than estimating the causal effect of a specific government policy on financial markets, firms, or investors."
10.1093/rfs/hhm091,rfs,Institutional Portfolio Flows and International Investments,False,high,"This paper studies institutional portfolio flows and their relationship with equity returns in emerging markets, with no focus on any specific government law, regulation, or public policy as a causal variable."
w29175,nber,"Collusion, Mergers, and Related Antitrust Issues",False,high,"This is a survey paper examining economic research on antitrust generally, not an empirical study of the causal effect of a specific government law or regulation on financial markets, firms, or investors."
w18343,nber,The Labor Market Returns to a For-Profit College Education,False,high,"The paper studies returns to education at for-profit colleges, which is about private firm/market behavior and individual human capital outcomes, not about the causal effect of a specific government law, regulation, or policy on financial markets, firms, or investors."
w3494,nber,Workers' Compensation and Injury Duration: Evidence from a Natural Experiment,False,high,"The paper studies the causal effect of workers' compensation policy on worker behavior (injury duration/return to work), not on financial markets, firms, or investors."
h0060,nber,Three Phases of Argentine Economic Growth,False,high,This is a historical macroeconomic analysis of Argentina's growth phases rather than an empirical study of a specific government policy's causal effect on financial markets or firms.
10.1016/j.jfineco.2019.11.007,jfe,Private money creation with safe assets and term premia,False,high,"The paper's primary focus is on private sector safe asset creation behavior and term premia dynamics, with Federal Reserve policy (RRP operations) serving as a secondary empirical comparison rather than the main causal mechanism being investigated."
10.1016/j.jfineco.2005.06.006,jfe,"Political relationships, global financing, and corporate transparency: Evidence from Indonesia☆",False,high,"The paper's primary focus is on how political connections (a firm characteristic) affect financing strategies and performance, not on the causal effect of a specific government law, regulation, or public policy."
w24526,nber,How Redeployable are Patent Assets? Evidence from Failed Startups,False,high,"The paper studies the redeployment of patents from failed startups, which is a private firm/market behavior question with no specific government law, regulation, or public policy as the primary research focus."
w20091,nber,The Market for High-Quality Medicine,False,high,"The paper's primary research question concerns the causal effect of chain store entry on drug quality and prices, which is a private market competition issue, not the causal effect of a specific government law, regulation, or public policy."
10.1111/jofi.13412,jf,Sustainability or Greenwashing: Evidence from the Asset Market for Industrial Pollution,False,high,"The paper's primary research question concerns private firm behavior (plant divestitures and greenwashing) in response to market pressures, not the causal effect of a specific government law, regulation, or public policy."
w4121,nber,Rational Asset Price Movements Without News,False,high,"This is a purely theoretical paper about asset price dynamics and information revelation through trading, with no empirical test of any government policy or regulation."
w4021,nber,The Effects of Tax-Based Saving Incentives on Government Revenue and National Saving,False,high,"The paper's primary focus is on measuring the fiscal and macroeconomic effects of tax-saving incentives (IRA plans) rather than testing causal effects on financial markets, firms, or investors' behavior."
w9417,nber,Foreign Firms and Indonesian Manufacturing Wages: An Analysis With Panel Data,False,high,"The paper studies the causal effect of foreign firm acquisition on wages, not the effect of a government law, regulation, or public policy."
w15959,nber,Market Structure and Innovation: A Dynamic Analysis of the Global Automobile Industry,False,high,"This paper studies the relationship between market structure and innovation in the automobile industry using theoretical economic modeling, with no indication of estimating the causal effect of a specific government law, regulation, or public policy."
w9862,nber,Anticipated Ramsey Reforms and the Uniform Taxation Principle: the Role of International Financial Markets,False,high,This is a purely theoretical paper studying optimal policy properties in a general equilibrium framework without empirical testing of a specific government policy's causal effects.
w22743,nber,Macrofinancial History and the New Business Cycle Facts,False,high,This paper describes macrofinancial trends and business cycle facts without testing the causal effect of a specific government policy on financial outcomes.
w18788,nber,Heterogeneous Workers and International Trade,False,high,"This is a theoretical survey paper on international trade models with no empirical test of a specific government policy's causal effect on financial markets, firms, or investors."
w3649,nber,Tax Policy to Combat Global Warming: On Designing a Carbon Tax,False,high,"This is a purely theoretical paper on carbon tax design without empirical estimation of causal effects on financial markets, firms, or investors."
w16012,nber,The Impact of Health Care Reform On Hospital and Preventive Care: Evidence from Massachusetts,False,high,"This paper studies health care reform and hospital/preventive care outcomes, not the causal effects of government policy on financial markets, firms, or investors."
10.1016/j.jfineco.2005.12.009,jfe,Do hedge funds deliver alpha? A Bayesian and bootstrap analysis☆,False,high,"This paper studies hedge fund performance and alpha measurement using statistical methods, with no empirical examination of the causal effect of any specific government law, regulation, or public policy."
w22039,nber,Transparency and Negotiated Prices: The Value of Information in Hospital-Supplier Bargaining,False,high,"The paper studies the effect of information on private negotiation outcomes between hospitals and suppliers, not the causal effect of a government law, regulation, or public policy."
w8728,nber,Outsourcing in a Global Economy,False,high,"This is a purely theoretical paper studying general equilibrium outsourcing models without empirical testing of any specific government policy's causal effect on financial markets, firms, or investors."
w30109,nber,Cutting Out the Middleman: The Structure of Chains of Intermediation,False,high,This paper studies the structure of private intermediation chains and trade costs with no primary research question about government policy effects.
w9490,nber,Institutions Don't Rule: Direct Effects of Geography on Per Capita Income,False,high,"This paper studies the direct effects of geography on income, not the causal effect of a specific government policy or regulation on financial markets, firms, or investors."
w15771,nber,"Property Rights, Land Conflict and Tenancy in Brazil",False,high,"This paper studies agricultural labor and land tenancy behavior in Brazil, not the causal effect of a specific government law or policy on financial markets, firms, or investors."
w17492,nber,Reserves and Baskets,False,high,This is a descriptive/theoretical paper discussing historical reserve currency proposals without empirically testing causal effects of specific government policies on financial outcomes.
w24254,nber,AI and International Trade,False,high,The paper focuses on AI trade economics and comparative advantage theory rather than the causal effect of a specific government policy on financial markets or firms.
w24755,nber,The Bigger Picture: Combining Econometrics with Analytics Improve Forecasts of Movie Success,False,high,"This paper focuses on forecasting movie success using machine learning and social media data, with no primary research question about causal effects of government intervention on financial markets, firms, or investors."
w17988,nber,Defaults and Attention: The Drop Out Effect,False,high,"This is a purely theoretical paper studying behavioral decision-making effects of defaults without empirical testing of a specific government law, regulation, or policy's causal effect on financial markets, firms, or investors."
w3771,nber,Measurement of Output and Quality Adjustment When Hedonics Cannot Be Used: An Illustration for the Day Care Industry,False,high,"Paper focuses on measurement methodology for day care output and quality rather than estimating causal effects of specific government policies on financial markets, firms, or investors."
10.1111/j.1540-6261.2006.00866.x,jf,Credit Ratings and Capital Structure,False,high,"The paper examines how credit ratings affect capital structure decisions, which is a private market behavior question; credit rating agencies are private institutions, not government entities, and the paper does not study a specific government law or regulation."
w20495,nber,"Trade Models, Trade Elasticities, and the Gains from Trade",False,high,This is a purely theoretical paper on trade models and elasticities with no empirical test of a specific government policy's causal effect on financial markets or firms.
w14376,nber,Efficiency bounds for missing data models with semiparametric restrictions,False,high,This is a purely theoretical econometric paper about semiparametric efficiency bounds and missing data methods with no empirical application to government policy effects.
w23197,nber,Technology-Skill Complementarity in Early Phases of Industrialization,False,high,"The paper studies the causal effect of technology adoption (steam engines) on human capital formation, not the effect of a government law, regulation, or public policy."
w15328,nber,Behavioral Economics and Tax Policy,False,high,"This is a theoretical paper discussing implications of behavioral economics for tax policy without empirical testing of a specific policy's causal effect on financial markets, firms, or investors."
w11299,nber,A Review of the Empirical Literature on FDI Determinants,False,high,"This is a descriptive literature review surveying FDI determinants generally, not a primary empirical study testing the causal effect of a specific government policy on financial outcomes."
10.1016/j.jfineco.2024.103808,jfe,Persistent and transitory components of firm characteristics: Implications for asset pricing,False,high,"This paper studies asset pricing and return predictability through firm characteristics without examining any government law, regulation, or public policy as its primary research question."
w13640,nber,Do Stock Prices Influence Corporate Decisions? Evidence from the Technology Bubble,False,high,"The paper's primary research question concerns how stock price movements influence firm behavior (investment and issuance decisions), not the causal effect of a specific government law, regulation, or public policy on financial markets or firms."
10.1016/j.jfineco.2018.06.004,jfe,Do stocks outperform Treasury bills?,False,high,This paper analyzes the historical performance of stocks versus Treasury bills with no causal analysis of any government intervention or policy effect.
w17365,nber,The WTO Government Procurement Agreement and Its Impacts on Trade,False,high,"The paper studies the causal effect of a government procurement agreement on international trade flows, not on financial markets, firms, or investors."
w19367,nber,Perverse Reverse Price Competition: Average Wholesale Prices and Medicaid Pharmaceutical Spending,False,high,"This paper studies pharmaceutical pricing and generic drug market competition, not the causal effect of a specific government law, regulation, or public policy on financial markets, firms, or investors."
w5309,nber,Politics and Trade Policy,False,high,"This is a purely theoretical paper describing political economy approaches to trade policy without empirical testing of causal effects on financial markets, firms, or investors."
w13549,nber,"Still the Economy, Stupid: Economic Voting in the 2004 Presidential Election",False,high,"This paper studies voting behavior and political preferences in presidential elections, not the causal effect of government policy on financial markets, firms, or investors."
w31036,nber,Information Favoritism and Scoring Bias in Contests,False,high,This is a purely theoretical paper about contest design mechanisms with no empirical test of government policy effects on financial markets or economic actors.
w31841,nber,To Go Electric or To Burn Coal? A Randomized Field Experiment of Informational Nudges,False,high,"This paper studies the causal effect of informational nudges (SMS campaigns) on individual heating technology adoption decisions, not the causal effect of a specific government law, regulation, or public policy on financial markets, firms, or investors."
w29086,nber,Money or Power? Financial Infrastructure and Optimal Policy,False,high,"This paper studies the welfare effects of cash vs. in-kind transfer programs on households, not the causal effect of government policy on financial markets, firms, or investors."
w27061,nber,Labor Demand in the time of COVID-19: Evidence from vacancy postings and UI claims,False,high,"The paper studies the impact of COVID-19 on labor markets using vacancy and claims data, but does not focus on estimating the causal effect of a specific government law, regulation, or public policy."
w11518,nber,Behavioral Public Economics: Welfare and Policy Analysis with Non-Standard Decision-Makers,False,high,"This is a theoretical paper on welfare analysis frameworks under behavioral assumptions, not an empirical test of a specific government policy's causal effect on financial markets, firms, or investors."
w4932,nber,"Taxes, Technology Transfer, and the R&D Activities of Multinational Firms",True,high,The paper examines the causal effect of foreign government royalty tax rates (a specific government tax policy) on multinational firms' R&D activities and technology transfer decisions.
w25754,nber,A Forensic Examination of China's National Accounts,False,high,"This paper examines data quality and measurement issues in national accounts rather than estimating the causal effect of a specific government policy on financial markets, firms, or investors."
w28345,nber,The Supply-Side Effects of Monetary Policy,False,high,"This is a purely theoretical paper proposing a monetary transmission mechanism without empirical testing of a specific government law, regulation, or public policy intervention."
w7003,nber,New Evidence on Sex Segregation and Sex Differences in Wages from Matched Employee-Employer Data,False,high,"This paper examines sex wage gaps and occupational segregation using descriptive employer-employee data, with no primary research question about causal effects of a specific government law or policy."
w16254,nber,Report on the State of Available Data for the Study of International Trade and Foreign Direct Investment,False,high,This is a data assessment report that does not estimate the causal effect of any specific government policy on financial outcomes.
w23160,nber,Short-Run Effects of Lower Productivity Growth. A Twist on the Secular Stagnation Hypothesis,False,high,"This paper examines productivity growth and secular stagnation rather than the causal effect of a specific government law, regulation, or public policy on financial outcomes."
w32763,nber,Distributed Ledgers and Secure Multi-Party Computation for Financial Reporting and Auditing,False,high,"This is a theoretical/modeling paper analyzing blockchain technology for financial reporting; it does not estimate the causal effect of a specific existing government law, regulation, or public policy."
w24863,nber,"Parental Support, Savings and Student Loan Repayment",False,high,"The paper studies how parental support and personal savings affect student loan repayment outcomes, not the causal effect of a specific government law, regulation, or policy change."
10.1111/jofi.12586,jf,Diagnostic Expectations and Credit Cycles,False,high,This is a purely theoretical paper presenting a model of belief formation and credit cycles with no empirical test of any specific government intervention or policy effect.
w29375,nber,The Impact of Group Size on Giving Versus Demand for Redistribution,False,high,"This is a laboratory experiment studying voluntary giving preferences with no specific government law, regulation, or public policy intervention being tested."
10.1016/j.jfineco.2010.04.002,jfe,The world price of home bias,False,high,"This is a purely theoretical paper examining the relationship between home bias and cost of capital without empirically testing the causal effect of any specific government law, regulation, or public policy."
w13960,nber,Contracting in the Shadow of the Law,False,high,This is a purely theoretical paper on contract design and legal remedies without an empirical test of a specific government policy's causal effect on financial markets or firms.
w25906,nber,Affordable Housing and City Welfare,False,high,"This paper studies housing policy effects on city welfare and affordability, not the causal effects of government intervention on financial markets, firms, or investors."
w7834,nber,Is Mobility of Technical Personnel a Source of R&D Spillovers?,False,high,"The paper studies labor mobility and knowledge spillovers as a general economic phenomenon, not the causal effect of a specific government law, regulation, or public policy."
w24922,nber,The Surprisingly Small Effects of Religion-Based Discrimination in Education,False,high,"The paper's primary research question concerns religion-based discrimination in education grading, not the causal effect of a specific government law, regulation, or public policy on financial markets, firms, or investors."
w20840,nber,Does Delay Cause Decay? The Effect of Administrative Decision Time on the Labor Force Participation and Earnings of Disability Applicants,False,high,"The primary research question concerns the causal effect of time out of labor force on employment outcomes of disability applicants, not the causal effect of a specific government policy or regulation on financial markets, firms, or investors."
w21130,nber,Does Exposure to Economics Bring New Majors to the Field? Evidence from a natural Experiment.,False,high,"This paper studies the effect of curriculum exposure on student major choices, not the causal effect of a government law, regulation, or public policy on financial markets, firms, or investors."
w17973,nber,Stock Price Expectations and Stock Trading,False,high,"This paper studies individual investor behavior and expectations regarding stocks, not the causal effect of a specific government policy on financial markets."
w20523,nber,The Bidder Exclusion Effect,False,high,This is a theoretical/methodological paper about auction analysis and entry models with no evidence of studying causal effects of government policy on financial markets or firms.
w20070,nber,Macroeconomic Drivers of Bond and Equity Risks,False,high,This is a purely theoretical paper developing a consumption-based model of risk premia with no empirical test of any government policy's causal effect.
10.1111/j.1540-6261.2008.01336.x,jf,Earnings Management and Firm Performance Following Open‐Market Repurchases,False,high,"This paper studies private firm behavior (earnings management and share repurchases) with no specific government law, regulation, or public policy as the primary research question."
w23101,nber,Firm Heterogeneity in Consumption Baskets: Evidence from Home and Store Scanner Data,False,high,"This paper focuses on firm heterogeneity and household price indices using scanner data, with no primary research question about the causal effect of a specific government intervention on financial markets or firms."
w11683,nber,"Investor Inattention, Firm Reaction, and Friday Earnings Announcements",False,high,"This paper studies private firm behavior (strategic timing of earnings announcements) and investor attention effects, not the causal effect of a specific government law, regulation, or public policy."
